"conversation_id_str","created_at","favorite_count","full_text","id_str","image_url","in_reply_to_screen_name","lang","location","quote_count","reply_count","retweet_count","tweet_url","user_id_str","username"
"1796757218714669261","Sat Jun 01 04:14:37 +0000 2024","39","Nabung kok dipaksa?!!! Jujur saja tapera untuk apa? Buat siapa? Siapa yg nyuruh? #TolakTapera https://t.co/6DvHzK12B5","1796757218714669261","https://pbs.twimg.com/ext_tw_video_thumb/1796757180026376192/pu/img/-xZXeaA4ZmmpKcGZ.jpg","","in","Seberang Rumah Pak Lurah","1","12","16","https://x.com/AlnilamOmar/status/1796757218714669261","1649686141757722626","AlnilamOmar"
"1796791932699705383","Sat Jun 01 06:32:34 +0000 2024","31","Ingat bos nya siapa jadi seperti biasa sering dibalik artinya. Emangnya 10 tahun ini Rakyat ga ngerti Yang namanya nabung ya suka suka ga semua orang ga punya rumah sama dengan ga semua orang butuh makan gratis #TolakTapera https://t.co/eRkRK2SeZK","1796791932699705383","https://pbs.twimg.com/ext_tw_video_thumb/1796791862940127232/pu/img/kq_hwtxC66xlNgXb.jpg","","in","Seberang Rumah Pak Lurah","3","4","16","https://x.com/AlnilamOmar/status/1796791932699705383","1649686141757722626","AlnilamOmar"
"1796452750857031981","Fri May 31 08:04:46 +0000 2024","4","#TolakTapera #BatalkanTapera https://t.co/Vl5ewvx5Nh","1796452750857031981","https://pbs.twimg.com/media/GO5IQGJa0AAd1EF.jpg","","qme","Melbourne - Australia","0","0","6","https://x.com/Geli_d3h/status/1796452750857031981","1594524306372894720","Geli_d3h"
"1797879031716778230","Tue Jun 04 06:32:18 +0000 2024","3","#TolakTapera https://t.co/IE6oye4s2T","1797879031716778230","https://pbs.twimg.com/ext_tw_video_thumb/1797878925714194432/pu/img/5fbocgT0UV63EpYv.jpg","","qme","","1","0","1","https://x.com/JJhonpres/status/1797879031716778230","1609829873396363264","JJhonpres"
"1800741287756431781","Wed Jun 12 04:05:53 +0000 2024","0","#Tolaktapera penolakan tapera hari ini dari aliasi pekerja kota batam https://t.co/cjmNbu4EkL","1800741287756431781","https://pbs.twimg.com/media/GP2EpXRbwAAPIeK.jpg","","in","","0","0","0","https://x.com/putrawars/status/1800741287756431781","1644597175","putrawars"
"1801421900595531876","Fri Jun 14 01:10:24 +0000 2024","0","Pemerintah melalui BUMN memiliki Bank khan? Dan Tapera ini konsepnya sama dengan konsep Bank. Simpan dan Pinjam. Utilisasi lah Bank-Bank BUMN untuk pemberian kredit kepemilikan rumah dan perbaikan rumah dengan syarat yang sama dan biaya bunga yang sama. #tolakTAPERA","1801421900595531876","","","in","","0","0","0","https://x.com/ferdy666/status/1801421900595531876","73545180","ferdy666"
"1797880100312256807","Tue Jun 04 06:36:33 +0000 2024","0","#TolakTAPERA https://t.co/batG00Mbu5","1797880100312256807","https://pbs.twimg.com/ext_tw_video_thumb/1797880019844562944/pu/img/ugIAIjD6pQwqMqcv.jpg","","qme","","0","0","2","https://x.com/JJhonpres/status/1797880100312256807","1609829873396363264","JJhonpres"
"1797980857229324632","Tue Jun 04 13:16:55 +0000 2024","119","Tapera 3% tidak membuatmu miskin Tapi membuat koruptor makin kaya #TolakTapera https://t.co/4hkZjtsZaf","1797980857229324632","https://pbs.twimg.com/media/GPO2D7vboAEHzqp.jpg","","in","Kerajaan, Indonesia","3","7","35","https://x.com/KangManto123/status/1797980857229324632","947632364003368961","KangManto123"
"1797881747058967003","Tue Jun 04 06:43:06 +0000 2024","3","#TolakTAPERA https://t.co/BoDC10zQle","1797881747058967003","https://pbs.twimg.com/ext_tw_video_thumb/1797881695024377856/pu/img/s-8sB4nALk__ZApP.jpg","","qme","","1","1","2","https://x.com/JJhonpres/status/1797881747058967003","1609829873396363264","JJhonpres"
"1796347584753340649","Fri May 31 01:06:53 +0000 2024","2","#TolakTapera #potongan #tapera https://t.co/c6Triugu1O","1796347584753340649","https://pbs.twimg.com/ext_tw_video_thumb/1796347508257591297/pu/img/ZhntnVYaHKUercNQ.jpg","","qme","","0","1","2","https://x.com/DewiQuarius26/status/1796347584753340649","1542372697836883969","DewiQuarius26"
"1797807469856694514","Tue Jun 04 01:47:57 +0000 2024","0","Gaji kami ga sampe umk pak bahkan ada yang di gaji cuman 1jt aja perbulan terus bapak potong 3% belum lagi potongan lainnya #tapera #tolaktapera https://t.co/F39Zl9E6jX","1797807469856694514","https://pbs.twimg.com/media/GPMYXdGaoAATaQz.jpg","","in","Link di bio ","0","0","1","https://x.com/CDraws101/status/1797807469856694514","1140628647675478017","CDraws101"
"1798148070116569386","Wed Jun 05 00:21:22 +0000 2024","1","Tolak Tapera #tolaktapera https://t.co/BYeYT650kn","1798148070116569386","https://pbs.twimg.com/ext_tw_video_thumb/1798147985341325312/pu/img/pkxArZU5E8yCl_gs.jpg","","eu","Jakarta Capital Region","0","1","2","https://x.com/AlbaqirOfficial/status/1798148070116569386","1533527322011111424","AlbaqirOfficial"
"1796014252030828701","Thu May 30 03:02:20 +0000 2024","17","Udah 1 mggu gw tunggu2. Akhirnya.... Jgn cuma Aksi Besar2an kalo perlu Mogok Kerja. #TolakTapera #BatalkanTapera https://t.co/R1lcstrDoU","1796014252030828701","https://pbs.twimg.com/media/GOy5cGnbMAAJhfO.jpg","","in","Melbourne - Australia","0","3","8","https://x.com/Geli_d3h/status/1796014252030828701","1594524306372894720","Geli_d3h"
"1798541839601184829","Thu Jun 06 02:26:04 +0000 2024","4","#TolakTAPERA https://t.co/M51pbjynjM","1798541839601184829","https://pbs.twimg.com/ext_tw_video_thumb/1798541797280600064/pu/img/ld6W9IikM4DdpvCT.jpg","","qme","","1","0","2","https://x.com/JJhonpres/status/1798541839601184829","1609829873396363264","JJhonpres"
"1799324688575001054","Sat Jun 08 06:16:50 +0000 2024","3","Terlalu berat bebanburuh #tolaktapera https://t.co/eqTmYFNGsA","1799324688575001054","https://pbs.twimg.com/media/GPh8RM0bYAA3MaL.jpg","","in","Djakarta","0","0","1","https://x.com/GSBIPusat/status/1799324688575001054","1603285608","GSBIPusat"
"1799313447391465500","Sat Jun 08 05:32:10 +0000 2024","25","Tambahan Penderitaan Rakyat emang seeyy... Dn ingat...menunda bukan membatalkan yaaa....pdhl mayoritas rakyat menolak kebijakan yg kurang jelas ini Logikanya yg ASN aja sulit palagi yg karyawan swasta? #TolakTapera https://t.co/QCT7FfqTua","1799313447391465500","https://pbs.twimg.com/ext_tw_video_thumb/1799313072865374208/pu/img/txVRA3VscYZ9s49t.jpg","","in","di hatimu yanküë©‚Äç‚ù§Ô∏è‚Äçüë®üíç","1","5","15","https://x.com/AiraNtieReal/status/1799313447391465500","1428002673815482369","AiraNtieReal"
"1799686603381846054","Sun Jun 09 06:14:57 +0000 2024","34","Kebijakan yg tumpang tindih Ada apa dg negri ini? Bgmn klo telp pemerintah? Ga bisa Neng.... pemerintah sibuuuukkkk #TolakTapera https://t.co/CCo52DA3Ag","1799686603381846054","https://pbs.twimg.com/ext_tw_video_thumb/1799686353933967361/pu/img/i1jYsWDHgdklwVhB.jpg","","in","di hatimu yanküë©‚Äç‚ù§Ô∏è‚Äçüë®üíç","0","2","14","https://x.com/AiraNtieReal/status/1799686603381846054","1428002673815482369","AiraNtieReal"
"1796584497150038385","Fri May 31 16:48:17 +0000 2024","6","Bung Karno: Obor yang kunyalakan di malam gelap ini kuserahkan kepada angkatan yang kemudian . Yeiii malam ini Sonokembang #Surabaya disambangi hujan Terimakasih kepada Semesta #TolakTapera #TegakkanAmpera Tapera? No! Ampera? Yes! https://t.co/PIJAG92UTT","1796584497150038385","https://pbs.twimg.com/media/GO7AE9raIAAQZJb.jpg","","in","","1","1","3","https://x.com/deakparujar1409/status/1796584497150038385","1740173469445455872","deakparujar1409"
"1798185073176617179","Wed Jun 05 02:48:24 +0000 2024","75","Coba dibalik biar waras *Lebih baik beli beras daripada Tapera *Lebih baik beli lauk pauk daripada Tapera *Lebih baik beli baju anak daripada Tapera *Lebih baik Ngasih orang tua daripada Tapera #TolakTapera #TolakTapera https://t.co/VYzjfsNudh","1798185073176617179","https://pbs.twimg.com/media/GPRvyl2a8AA-8o-.jpg","","in","Kerajaan, Indonesia","3","13","24","https://x.com/KangManto123/status/1798185073176617179","947632364003368961","KangManto123"
"1797906864556081397","Tue Jun 04 08:22:54 +0000 2024","57","Andai mencintaiku secara ugal¬≤an aku mau kok Tp andai pengelolaan Tapera ugal¬≤an siapa yaau? Jd gimana tabungan kok mekso wes mekso ngawur jg manajemennya #TolakTapera https://t.co/mpVzgOoSO0","1797906864556081397","https://pbs.twimg.com/ext_tw_video_thumb/1797906617423532032/pu/img/XpCl4ZBCplP9YJ0Q.jpg","","in","di hatimu yanküë©‚Äç‚ù§Ô∏è‚Äçüë®üíç","2","7","41","https://x.com/AiraNtieReal/status/1797906864556081397","1428002673815482369","AiraNtieReal"
"1800052584625180700","Mon Jun 10 06:29:14 +0000 2024","26","Hidup memang tak mdh nmun akn sll menemukan caraya sendiri utk atasi setiap persoalan. Begitu hebat&amp; Kuatny rakyat 62 Kebijakan pemerintah yg naikin segala rupa pajak jg harga2 pangan mahal skrgpun blm ada wacana batalkan TAPERA. Yukk kita 1 suara #TolakTapera https://t.co/4j2X2Hn2Ra","1800052584625180700","https://pbs.twimg.com/ext_tw_video_thumb/1800052502899163136/pu/img/UmrqGRjrsaTaEhqB.jpg","","in","cikeas,bogor","1","9","5","https://x.com/Jul3aRhma3/status/1800052584625180700","1129323932622905344","Jul3aRhma3"
"1798307385423036545","Wed Jun 05 10:54:26 +0000 2024","0","#TolakTAPERA https://t.co/exQMcwZeRb","1798307385423036545","https://pbs.twimg.com/ext_tw_video_thumb/1798307200387223552/pu/img/lUuFd232BBltrh4b.jpg","","qme","","1","0","1","https://x.com/SastroMedia/status/1798307385423036545","729276807829028864","SastroMedia"
"1796846443543843307","Sat Jun 01 10:09:10 +0000 2024","20","Hampir seribu masjid dibangun dgn duit yg dipotong dari PNS yg muslim. Apakah ini pemaksaan bersedekah? Wallahua'lam. Tapi setahuku pahala dari sedekah ini akan terus mengalir walau ybs sudah meninggal. Jadi ingat Tapera potongan yg mirip pemerasan. #TolakTapera https://t.co/JP2vaiVXSv","1796846443543843307","https://pbs.twimg.com/ext_tw_video_thumb/1796846360676974592/pu/img/gFlbrKUS4zzifl1o.jpg","","in","in ur dream ü•∞","0","4","12","https://x.com/EonHadean/status/1796846443543843307","1730574421189173249","EonHadean"
"1796079771756945578","Thu May 30 07:22:41 +0000 2024","2","#Tolaktapera https://t.co/zuDFOHylDE","1796079771756945578","https://pbs.twimg.com/media/GOz0-2ubgAAl4T9.jpg","","qme","jatim Indonesia","0","0","2","https://x.com/Djuwan15/status/1796079771756945578","970609570547580928","Djuwan15"
"1796187836942565472","Thu May 30 14:32:06 +0000 2024","12","Buat projo dan 58% keberlanjutan. Ayo simulasikan gaji kelen yg UMR ke atas dgn iuran Tapera di tabel ini. Satu dekade kelen diprank oleh Mukidi dgn keberlanjutan kelen hitunglah. Secara logis apa masuk di otak kelen? #TolakTapera https://t.co/fYtyORa40r","1796187836942565472","https://pbs.twimg.com/ext_tw_video_thumb/1796187815711002624/pu/img/K1A_UBHUAATm6HHK.jpg","","in","in ur dream ü•∞","0","2","7","https://x.com/EonHadean/status/1796187836942565472","1730574421189173249","EonHadean"
"1797838890059137143","Tue Jun 04 03:52:48 +0000 2024","13","Kebijakan yg terlalu dipaksakan artinya ga bijak doonk‚ÅâÔ∏è C'mooooonnn brp byk yg mrk hanya bermimpi bisa bertahan dari bulan k bulan tanpa hutang bisa sekolahin anak tanpa susah Punya rumah itu tertier utk saat ini kok malah jd pendidikan tinggi yg tertier? #TolakTapera Pagi-pagi https://t.co/rnRmxFOKhn","1797838890059137143","https://pbs.twimg.com/ext_tw_video_thumb/1797836787718742017/pu/img/x1S-USiBRfqqXFmU.jpg","","in","di hatimu yanküë©‚Äç‚ù§Ô∏è‚Äçüë®üíç","1","2","11","https://x.com/AiraNtieReal/status/1797838890059137143","1428002673815482369","AiraNtieReal"
"1801003745582653784","Wed Jun 12 21:28:48 +0000 2024","0","#TolakTapera","1801003745582653784","","","qht","wonderforest","0","0","0","https://x.com/lunedel_/status/1801003745582653784","2165690754","lunedel_"
"1797483400590471293","Mon Jun 03 04:20:12 +0000 2024","15","Pls deh Jan mengatasnamakan utk kepentingan rakyat mrk udah terhimpit bhkn bernafaspun dah tersengal2 dg gempuran kesulitan hidup Mau dipoles spt apapun Tapera hny menambah beban rakyat saat ini Jan trlalu memaksa pak #TolakTapera https://t.co/MnMc84KoYD","1797483400590471293","https://pbs.twimg.com/ext_tw_video_thumb/1797482972918292480/pu/img/gMd4tuafbATrZpaC.jpg","","in","di hatimu yanküë©‚Äç‚ù§Ô∏è‚Äçüë®üíç","0","5","7","https://x.com/AiraNtieReal/status/1797483400590471293","1428002673815482369","AiraNtieReal"
"1797409741817401428","Sun Jun 02 23:27:31 +0000 2024","15","Apa sey impian orang dg gaji 5jt?Cm pen bisa hidup dg gaji mrk smpai di akhir bln syukur bisa nabung bwt prsiapan pndidikn anak yg makin mahal Rumah?Ckp ngontrak Krn mrk sgt realistis melewati bulan tnpa hrs ngutang sdh emeijing lah kok malah dipaksa hrs ikut Tapera? #TolakTapera https://t.co/6HaXllvrQ7","1797409741817401428","https://pbs.twimg.com/ext_tw_video_thumb/1797409663220420608/pu/img/AJqBgNPealKcHFl2.jpg","","in","di hatimu yanküë©‚Äç‚ù§Ô∏è‚Äçüë®üíç","3","7","10","https://x.com/AiraNtieReal/status/1797409741817401428","1428002673815482369","AiraNtieReal"
"1796159520638402660","Thu May 30 12:39:35 +0000 2024","0","Rakyat udah terlalu banyak beban Pa @jokowi #tolaktapera https://t.co/kytZBXsdLm","1796159520638402660","https://pbs.twimg.com/ext_tw_video_thumb/1796159405228163072/pu/img/h0fxk5xll5Hdjpy4.jpg","","in","Cililin, Indonesia","0","0","1","https://x.com/Boga_Jabar/status/1796159520638402660","1071200771117527040","Boga_Jabar"
"1798856480223035760","Thu Jun 06 23:16:20 +0000 2024","2","Jika belum siap knapa dipaksakan pak... Pagiii.. https://t.co/oGNgl877lw #TolakTapera https://t.co/bxrAUAxKEF","1798856480223035760","https://pbs.twimg.com/ext_tw_video_thumb/1798856385960259584/pu/img/TLECChNX5KisAt5D.jpg","","in","di hatimu yanküë©‚Äç‚ù§Ô∏è‚Äçüë®üíç","1","0","2","https://x.com/AiraNtieReal/status/1798856480223035760","1428002673815482369","AiraNtieReal"
"1798681392483815840","Thu Jun 06 11:40:36 +0000 2024","0","FSPMI Jawa Tengah¬†melakukan aksi demonstrasi di depan kantor gubernuran menolak program Tabungan Perumahan Rakyat (Tapera) Kamis (6/6). https://t.co/TnaDiE3RtF #suaramerdeka #suaramerdekacom #promedia #buruh #semarang #demonstrasi #demo #tolaktapera #tapera #memberatkan https://t.co/pSjEtmjLHz","1798681392483815840","https://pbs.twimg.com/media/GPYzBMua0AAoWwA.jpg","","in","indonesia","0","0","0","https://x.com/suaramerdeka/status/1798681392483815840","219527452","suaramerdeka"
"1798869635372306730","Fri Jun 07 00:08:37 +0000 2024","18","Subsidi tentu hrs dari negara Mosok rakyat kecil mensubsidi? Gaji mrk byk yg msh di bawah 5jt loohh dn dipaksa atas nama tabungan? #TolakTapera https://t.co/Iv8xSzk23t","1798869635372306730","https://pbs.twimg.com/ext_tw_video_thumb/1798869180139413505/pu/img/AxXe293R06nxu8Rz.jpg","","in","di hatimu yanküë©‚Äç‚ù§Ô∏è‚Äçüë®üíç","0","2","5","https://x.com/AiraNtieReal/status/1798869635372306730","1428002673815482369","AiraNtieReal"
"1799028701973377393","Fri Jun 07 10:40:41 +0000 2024","1","Potongan wawancara Ketua DPD GSBI Sumatera Utara di MetroTV tentang Tapera #tolaktapera https://t.co/OLhLBkol7S","1799028701973377393","https://pbs.twimg.com/ext_tw_video_thumb/1799028661737390080/pu/img/DqPchY9ls4iUuBKL.jpg","","in","Djakarta","0","0","1","https://x.com/GSBIPusat/status/1799028701973377393","1603285608","GSBIPusat"
"1796173800884580765","Thu May 30 13:36:20 +0000 2024","22","Gimana kalo kita #TolakTapera #TolakTapera Setuju ga ? https://t.co/HdVqG4BWsy","1796173800884580765","https://pbs.twimg.com/ext_tw_video_thumb/1796173746576736256/pu/img/dJ1W4ce5cFvMhMsl.jpg","","in","Bogor - Indonesia","1","1","10","https://x.com/RizkiAsihan/status/1796173800884580765","307976528","RizkiAsihan"
"1797837074617585903","Tue Jun 04 03:45:35 +0000 2024","11","Netizen : Kurang bangsat apalagi coba? #PeoplePower #TolakTapera https://t.co/M8SNP0kYfi","1797837074617585903","https://pbs.twimg.com/media/GPMzSqBbIAAmi_P.jpg","","in","My Sweet Home","0","2","6","https://x.com/SumandoGaek/status/1797837074617585903","1254035776322453506","SumandoGaek"
"1797089380395594188","Sun Jun 02 02:14:31 +0000 2024","0","Tolak Tapera! Gile awalnya malah minta potong 5% sepakat di 3%. Kenaikan gaji juga cm 3% / thn. Artinya pekerja ga naik gaji malah tergerus inflasi. #tolaktapera https://t.co/Lsw0C2RJyZ","1797089380395594188","https://pbs.twimg.com/media/GPCLRJ6bwAAUYJT.jpg","","in","South of The North","0","0","1","https://x.com/SL0BLD/status/1797089380395594188","845941739063947266","SL0BLD"
"1798503776871141548","Thu Jun 06 00:30:31 +0000 2024","7","Investasi Bodong Tapera #TolakTapera https://t.co/EGwxfLeBYl","1798512758964764963","https://pbs.twimg.com/ext_tw_video_thumb/1798511296541007872/pu/img/CYIVnSAmx00DWhdE.jpg","yaniarsim","in","Indonesia","0","2","3","https://x.com/yaniarsim/status/1798512758964764963","929287558281830400","yaniarsim"
"1796889113712591345","Sat Jun 01 12:58:43 +0000 2024","16","Ekspresi gw pas liat dia komen ganjen pdhl ngakunya ga prnh tepe2 lanjuuuttt dah lanjuuutt Malam Minggu mbloo....gosah pilu klo Lom Nemu pasangan inget gada orang mati Krn jomblo tp byk orang menderita gara2 salah pilih pasangn so cemuunguuuttt Tagar yuk... #TolakTapera https://t.co/tlCSMGQQ00","1796889113712591345","https://pbs.twimg.com/media/GO_VIEoaUAAqI5y.jpg","","in","di hatimu yanküë©‚Äç‚ù§Ô∏è‚Äçüë®üíç","2","4","0","https://x.com/AiraNtieReal/status/1796889113712591345","1428002673815482369","AiraNtieReal"
"1798973437182083249","Fri Jun 07 07:01:05 +0000 2024","0","Demo buruh tolak kebijakan iuran Tabungan Perumahan Rakyat (Tapera) menolak Uang Kuliah Tunggal (UKT) mahal menolak KRIS BPJS Kesehatan menolak Omnibus Law UU Cipta Kerja dan Hapus out sourching Tolak Upah Murah (HOSTUM). #TolakTapera #DemoBuruh #TolakUUCiptaKerja https://t.co/bvwfxnUsx9","1798973437182083249","https://pbs.twimg.com/media/GPc8x6cboAAXiQV.jpg","","in","","0","0","0","https://x.com/Polri_News/status/1798973437182083249","1343471737183223809","Polri_News"
"1800567993749098908","Tue Jun 11 16:37:17 +0000 2024","5","#BatalkanTapera #TolakTapera #TaperaBukanTabungan https://t.co/ZrSIu1einb","1800567993749098908","https://pbs.twimg.com/ext_tw_video_thumb/1800567666710863872/pu/img/i1vMUnGfRa3ojlsi.jpg","","qme","","0","0","1","https://x.com/kokomkomalawat1/status/1800567993749098908","1372439982","kokomkomalawat1"
"1795670022150594806","Wed May 29 04:14:29 +0000 2024","17","Gaji pegawai di ndonesia termasuk karyawan swasta bakal kena potongan tambahan untuk simpanan Tabungan Perumahan Rakyat (TAPERA) == GAJI PEJABAT YG GEDE¬≤ KAPAN? #TolakTapera #GANTARI Siap-siap Gaji Pekerja Swasta Dipotong Simpanan Tapera per Tanggal 10 https://t.co/BS62ruHwvb https://t.co/Lo6XXrgkGm","1795670022150594806","https://pbs.twimg.com/media/GOuAXnwakAAQikD.jpg","","in","","1","2","6","https://x.com/RadjaRasta_/status/1795670022150594806","935662615077855232","RadjaRasta_"
"1800541917928915035","Tue Jun 11 14:53:40 +0000 2024","0","#TolakTapera","1800541917928915035","","","qht","Garut - Karawang - Cirebon","0","0","0","https://x.com/AmethMildan/status/1800541917928915035","298969141","AmethMildan"
"1798584968945574303","Thu Jun 06 05:17:27 +0000 2024","0","Polisi menutup Jalan Medan Merdeka Barat Jakarta Pusat atau ke arah Istana Negara dikarenakan adanya unjuk rasa yang digelar elemen buruh menolak kebijakan Tabungan Perumahan Rakyat #pasangmata #lalulintas #demoburuh #aksidemo #unjukrasa #tolaktapera https://t.co/cYP1NcV5fw https://t.co/RFZP4wYPaH","1798584968945574303","https://pbs.twimg.com/media/GPXbf2VaEAAxBSG.jpg","","in","Indonesia","0","0","0","https://x.com/PasangMata/status/1798584968945574303","2232398486","PasangMata"
"1798589961719218562","Thu Jun 06 05:37:17 +0000 2024","0","Gerakan unjuk rasa menolak Tapera ribuan buruh beraksi untuk suarakan tuntutannya di depan Istana Negara Jakarta #pasangmata #lalulintas #demoburuh #aksidemo #unjukrasa #tolaktapera https://t.co/dOw5MdU3LQ https://t.co/9S8E7AUDAH","1798589961719218562","https://pbs.twimg.com/media/GPXgCSJasAAjFW8.jpg","","in","Indonesia","0","0","0","https://x.com/PasangMata/status/1798589961719218562","2232398486","PasangMata"
"1798503776871141548","Wed Jun 05 23:54:49 +0000 2024","101","Tapera @BpTapera Tabungan Pemakaman Rakyat Tabungan Pemalak Rakyat Tabungan Penderitaan Rakyat Tabungan Penipuan Rakyat Tabungan Penyiksa Rakyat #TolakTapera https://t.co/cBXBRy9QK7","1798503776871141548","https://pbs.twimg.com/ext_tw_video_thumb/1798503422569967617/pu/img/aK_NC9-lO52a4le6.jpg","","in","Indonesia","6","6","52","https://x.com/yaniarsim/status/1798503776871141548","929287558281830400","yaniarsim"
"1798600046612754504","Thu Jun 06 06:17:22 +0000 2024","0","Massa demo tolak program Tapera menyalakan flare warna-warni saat beraksi di depan Patung Kuda Arjuna Wijaya Gambir Jakarta Pusat #pasangmata¬†#lalulintas #demoburuh #aksidemo #unjukrasa #tolaktapera https://t.co/4gzkJNJAcN https://t.co/mEgEDxj64V","1798600046612754504","https://pbs.twimg.com/media/GPXpNaTawAAddDi.jpg","","in","Indonesia","0","0","0","https://x.com/PasangMata/status/1798600046612754504","2232398486","PasangMata"
"1796305728850026581","Thu May 30 22:20:34 +0000 2024","0","#TolakTapera","1796305728850026581","","","qht","Jakarta Capital Region","0","0","1","https://x.com/suami_garislucu/status/1796305728850026581","3315667758","suami_garislucu"
"1800097040841798075","Mon Jun 10 09:25:53 +0000 2024","5","Kata Pak Pol Kalian tau gak penghasilan sopir itu berapa? orang udah susah jangan dipalak #TolakTapera #TolakTapera","1800097040841798075","","","in","","0","0","3","https://x.com/rawayan212/status/1800097040841798075","233231041","rawayan212"
"1797412420106985752","Sun Jun 02 23:38:09 +0000 2024","0","#TolakTapera","1797412420106985752","","","qht","Selatan Jakarta.","0","0","0","https://x.com/yotiicc/status/1797412420106985752","47029434","yotiicc"
"1799023177575936436","Fri Jun 07 10:18:44 +0000 2024","7","Kirain demo untuk nolak apakah ternyata mendukung??? #TolakTapera","1799023177575936436","","","in","Seberang Rumah Pak Lurah","0","1","2","https://x.com/AlnilamOmar/status/1799023177575936436","1649686141757722626","AlnilamOmar"
"1796903202283237408","Sat Jun 01 13:54:42 +0000 2024","2","Betul betul betuuul #TolakTapera","1796903202283237408","","","ro","Nomaden","0","0","0","https://x.com/Via_AbdullahR2/status/1796903202283237408","383609383","Via_AbdullahR2"
"1798625715111481720","Thu Jun 06 07:59:21 +0000 2024","0","Tuntutan aksi unjuk rasa hari ini: 1. Tolak PP Tapera 2. Tolak Uang Kuliah Tunggal (UKT) mahal 3. Tolak KRIS BPJS Kesehatan 4. Tolak Omnibus Law UU Cipta Kerja 5. Hapus outsourcing tolak upah murah #pasangmata #demoburuh #tolaktapera https://t.co/MtbNhwU0Hy https://t.co/VsqA6FNbdx","1798625715111481720","https://pbs.twimg.com/media/GPYAjkvbAAAo1TD.jpg","","in","Indonesia","0","0","0","https://x.com/PasangMata/status/1798625715111481720","2232398486","PasangMata"
"1798866801071383002","Thu Jun 06 23:57:21 +0000 2024","1","#tolaktapera","1798866801071383002","","","qht","Jakarta","0","0","0","https://x.com/thesdony/status/1798866801071383002","46284094","thesdony"
"1798002172329869333","Tue Jun 04 14:41:37 +0000 2024","0","#tolaktapera","1798002172329869333","","","qht","Nowhere","0","0","0","https://x.com/callmepaci/status/1798002172329869333","1386584698411835394","callmepaci"
"1798730941894111320","Thu Jun 06 14:57:30 +0000 2024","26"," Presiden KSPI Said Iqbal meminta agar PP Nomor 21 Tahun 2024 tentang Perubahan Atas PP Nomor 25 Tahun 2020 tentang Tabungan Perumahan Rakyat (Tapera) segera dicabut. Bila tidak dicabut maka akan dilakukan aksi yg lebih meluas di slrh Indonesia. #TolakTapera #GANTARIüáÆüá© https://t.co/ng4yyeWeRN","1798730941894111320","https://pbs.twimg.com/media/GPZgQQebUAElrki.jpg","","in","Indonesia ","1","3","11","https://x.com/PramWiguna/status/1798730941894111320","1524449549720322048","PramWiguna"
"1797534183025520977","Mon Jun 03 07:42:00 +0000 2024","0","dafuq #tolaktapera","1797534183025520977","","","tl","wonderforest","0","0","1","https://x.com/lunedel_/status/1797534183025520977","2165690754","lunedel_"
"1798014740364775446","Tue Jun 04 15:31:34 +0000 2024","0","HAHAHAHAHAHAHA LUCU BGT #Tolaktapera","1798014740364775446","","","in","","0","0","0","https://x.com/muthemutiara/status/1798014740364775446","66641550","muthemutiara"
"1797868530056261785","Tue Jun 04 05:50:35 +0000 2024","2","Nah loh msh mo bikin ulah pula buat mslh baru #TolakTapera","1797868530056261785","","","in","Bogor jabar","0","0","1","https://x.com/Khawalidwhalid1/status/1797868530056261785","1485616689375215616","Khawalidwhalid1"
"1797420292475900355","Mon Jun 03 00:09:26 +0000 2024","0","Yg udah jalan aja kayak gini hasilnya gimana nanti kalau dana itu terkumpul lebih besar dr masyarakat lainnya. #TolakTapera","1797420292475900355","","","in","Bekasi","0","0","1","https://x.com/psurahmat/status/1797420292475900355","320576047","psurahmat"
"1796340840929116308","Fri May 31 00:40:05 +0000 2024","1","Banyak orang¬≤ yang saat ini duduk sebagai anggota DPR yang kondisinya geblek bahkan GOBLOK secara kecerdasan akal maupun intelektual... Jangan kau anggap UU yang dihasilkan DPR itu semuanya baik!!! #TolakTapera !!!","1796340840929116308","","","in","Karanganyar, lereng Lawu","0","0","1","https://x.com/ariefbudiawan7/status/1796340840929116308","714965442","ariefbudiawan7"
"1795082013126402280","Mon May 27 13:17:57 +0000 2024","0","#TOLAKTAPERA","1795082013126402280","","","qht","City of Rain","0","0","0","https://x.com/prayudo_kw1/status/1795082013126402280","40793265","prayudo_kw1"
"1795494446328582471","Tue May 28 16:36:49 +0000 2024","0","Ini baru satu kasus #tolaktapera","1795494446328582471","","","in","Nomaden","0","0","0","https://x.com/bie103/status/1795494446328582471","1101548671118696448","bie103"
"1795610112998175172","Wed May 29 00:16:26 +0000 2024","0","Ramai-ramai Menolak Iuran Tapera https://t.co/qxoxF0DAvr #TabunganPerumahanRakyat #Tapera #TolakTapera","1795610112998175172","","","eu","Indonesia","0","0","1","https://x.com/kabarbursacom/status/1795610112998175172","1688678639477706758","kabarbursacom"
"1798310405015806019","Wed Jun 05 11:06:26 +0000 2024","0","oalah Pak #TolakTapera","1798310405015806019","","","in","wonderforest","0","0","0","https://x.com/lunedel_/status/1798310405015806019","2165690754","lunedel_"
"1797491555831554112","Mon Jun 03 04:52:37 +0000 2024","0","Nahh kemana noh duitny? Kok mrka blm dpt #TolakTapera","1797491555831554112","","","in","Republic of Korea","0","0","1","https://x.com/Kookiemochi97/status/1797491555831554112","2431812512","Kookiemochi97"
"1796802650622898520","Sat Jun 01 07:15:09 +0000 2024","2","#TolakTAPERA #TolakTAPERA","1796802650622898520","","","qht","","0","0","0","https://x.com/JurdilNdasMu/status/1796802650622898520","1265730033328386048","JurdilNdasMu"
"1798943777522106369","Fri Jun 07 05:03:13 +0000 2024","0"," TAPERA itu sifatnya tabungan jadi gak ada yang hilang.. nanti dikembalikan saat pensiun.. Ada pakk yang hilang. Nilai uangnya yang bakal berkurang! Rp 75.000 hari ini emangnya sama dengan 10 tahun mendatang? Gemez aku tu #tolaktapera","1798943777522106369","","","in","","0","0","1","https://x.com/YoungHR96/status/1798943777522106369","1736041737905397760","YoungHR96"
"1798558372196942127","Thu Jun 06 03:31:46 +0000 2024","1","Para perampok memaksa rakyat apakah kita mau diam saja #TolakTapera","1798558372196942127","","","in","Bogor jabar","0","0","0","https://x.com/Khawalidwhalid1/status/1798558372196942127","1485616689375215616","Khawalidwhalid1"
"1796408252496003332","Fri May 31 05:07:57 +0000 2024","0","#TolakTAPERA","1796408252496003332","","","qht","","0","0","0","https://x.com/rayazeta/status/1796408252496003332","1256547616751366146","rayazeta"
"1797859713562059032","Tue Jun 04 05:15:32 +0000 2024","1","gamau pokoknya gamau. potong aja sono tunjangan2 DPR! rumah sama tanah banyak kenapa harus porotin pekerja? #tolaktapera","1797859713562059032","","","in","wonderforest","0","0","1","https://x.com/lunedel_/status/1797859713562059032","2165690754","lunedel_"
"1797538182478827770","Mon Jun 03 07:57:54 +0000 2024","0","pasti pusing ya pak carut marut ga ada suntikan dana deadline di depan mata #tolaktapera","1797538182478827770","","","in","wonderforest","0","0","1","https://x.com/lunedel_/status/1797538182478827770","2165690754","lunedel_"
"1798228362655351193","Wed Jun 05 05:40:25 +0000 2024","5","Di akhir masa Tak perlu banyak frasa Cukup ber KACA #tolaktapera","1798228362655351193","","","in","","0","1","0","https://x.com/OmpungGuru/status/1798228362655351193","1362017926304309248","OmpungGuru"
"1797539045473730926","Mon Jun 03 08:01:19 +0000 2024","0","mulai sekarang tiap qrt post indo bakal pake ht #tolaktapera sebenernya ada agenda tolak ruu polri tolak ruu investigasi sama free papuan forest tp bingung bgt mau yg mana dulu jd mau mulai dr yg lagi rame aja dah.","1797539045473730926","","","in","wonderforest","0","0","1","https://x.com/lunedel_/status/1797539045473730926","2165690754","lunedel_"
"1798349660299633090","Wed Jun 05 13:42:25 +0000 2024","0","TAPERA hanya bermanfaat bagi orang¬≤ disekitar penguasa bukan pemilik uang. #TolakTapera","1798349660299633090","","","in","Rumah kecil yang 1/2 jadi","0","0","0","https://x.com/doni_arjuna/status/1798349660299633090","618949211","doni_arjuna"
"1797017229223243960","Sat Jun 01 21:27:49 +0000 2024","1","BetulÔ∏è Berlakukan TAPERA ke pengelola negaraÔ∏è Jangan bisanya cuma majekin &amp; meras rakyat sendiri ajgÔ∏è #TolakTapera","1797017229223243960","","","in","West Java","0","0","1","https://x.com/Sena702005/status/1797017229223243960","1572468946590404608","Sena702005"
"1797560082793984183","Mon Jun 03 09:24:55 +0000 2024","1","Itu total aja 45jt dalam brp puluhan tahun gtu pertanyaannya mana ad rumah cmn 45jtaan: ) kmrn liat dri koko Tiktok yg ngejelasin dan menolaj Tapera #TolakTapera","1797560082793984183","","","in","Republic of Korea","0","0","0","https://x.com/Kookiemochi97/status/1797560082793984183","2431812512","Kookiemochi97"
"1800083271847715068","Mon Jun 10 08:31:10 +0000 2024","2","Ayo... ayo... ayo... #TolakTapera #TolakTapera","1800083271847715068","","","tl","","0","1","0","https://x.com/rawayan212/status/1800083271847715068","233231041","rawayan212"
"1798802658939293808","Thu Jun 06 19:42:28 +0000 2024","0"," Politik jaman bung Karno adalah politik sejati yg berjuang untuk kepentingan rakyat berjuang untuk negeri. Politik jaman sekarang adalah politik kekuasaan untuk memperkuat posisi diri memperkuat kelompok dengan memanfaatkan potensi rakyat. #TolakTapera !!! @jokowi @prabowo","1798802658939293808","","","in","Karanganyar, lereng Lawu","0","0","0","https://x.com/ariefbudiawan7/status/1798802658939293808","714965442","ariefbudiawan7"
"1797286835791798714","Sun Jun 02 15:19:08 +0000 2024","1","Pak @jokowi Pak @Dr_Moeldoko. Alasan saya #TolakTapera: Krn saya gak mau duit saya dikorupsi. Loud and clear ya pak.","1797286835791798714","","","in","Jakarta Capital Region, Indone","0","0","1","https://x.com/KirimLuarNegeri/status/1797286835791798714","1380379020110360584","KirimLuarNegeri"
"1797072524817412216","Sun Jun 02 01:07:32 +0000 2024","1","Tolak Tapera tabungan pemerasan Rakyat... Logika sj sudah mau berakhir jabatan baru mewacana kayak gini. Kalian mau memeras rakyat! #tolaktapera","1797072524817412216","","","in","","0","0","2","https://x.com/GhazaliIhwan/status/1797072524817412216","1418708054191722496","GhazaliIhwan"
"1797595605092778286","Mon Jun 03 11:46:04 +0000 2024","0","#TolakTapera","1797595605092778286","","","qht","Bandung","0","0","1","https://x.com/ahda_imran/status/1797595605092778286","1147069304","ahda_imran"
"1798655570997891417","Thu Jun 06 09:58:00 +0000 2024","0","rumah susunnya aja belum ada sudah banyak janji! #TolakTapera","1798655570997891417","","","in","","0","0","0","https://x.com/agusthabebek/status/1798655570997891417","294152573","agusthabebek"
"1795620020716007637","Wed May 29 00:55:48 +0000 2024","0","Kita Para Karyawan Swasta Harus Cuti Bareng Untuk Demo di Istana Menolak Program Tapera Jokowi. Setuju Gak? #tolaktapera #tapera #jokowi #rezim","1795620020716007637","","","in","mars 20","0","0","0","https://x.com/itsliatrd_/status/1795620020716007637","1212560183202738176","itsliatrd_"
"1798002658122588409","Tue Jun 04 14:43:33 +0000 2024","0","Uhuii.. Pak @jokowi piye iki anak buah sampean.. #tolaktapera","1798002658122588409","","","in","Jakarta","0","0","0","https://x.com/EkaPangulimaraH/status/1798002658122588409","479306099","EkaPangulimaraH"
"1797752670427689138","Mon Jun 03 22:10:11 +0000 2024","0","Silakan bantu dan gausah libatkan pekerja swasta. #tolaktapera","1797752670427689138","","","in","","0","0","0","https://x.com/nursyamsyahrir/status/1797752670427689138","289961827","nursyamsyahrir"
"1795750304186823155","Wed May 29 09:33:30 +0000 2024","0","Bisa lah demo #tolaktapera","1795750304186823155","","","in","Kinda inactive","0","0","0","https://x.com/hourlyvelvet/status/1795750304186823155","1293387849513934848","hourlyvelvet"
"1795825001867993142","Wed May 29 14:30:19 +0000 2024","0","Bener nih. Knp sih pak @jokowi pemerintah sibuk banget ngurusin duit rakyatnya. Pake alasan Tapera pula. Ada apa sih sebenarnya? Apa pemerintah lagi BU (butuh uang) banget???? Gak usah repot2 pak.. rakyat bisa ngurus duitnya sendiri. #TolakTapera","1795825001867993142","","","in","Jakarta Capital Region, Indone","0","0","0","https://x.com/KirimLuarNegeri/status/1795825001867993142","1380379020110360584","KirimLuarNegeri"
"1795437290254475565","Tue May 28 12:49:42 +0000 2024","1","Gile aja beban ditambah . Udah BPJS besok ada tapera. Terus itu gaji bersih cuma dapat berapa??? #tolaktapera","1795437290254475565","","","in","","0","0","0","https://x.com/xylzs1296/status/1795437290254475565","1411643975132319751","xylzs1296"
"1798973116150145141","Fri Jun 07 06:59:48 +0000 2024","3","Ketua Umum DPP GSBI: Tapera berlanjut buruh akan gunakan hak konstitusionalnya #TOLAKTAPERA https://t.co/BB4LWKgIhT https://t.co/PSCdj5bIHI","1798973116150145141","","","in","Djakarta","0","0","1","https://x.com/GSBIPusat/status/1798973116150145141","1603285608","GSBIPusat"
"1797534911219568999","Mon Jun 03 07:44:54 +0000 2024","0","Konsepnya bergotongroyong katanya. Lah kita GK bisa beli makan GK ada yg gotongroyong buat beliin makanan. Token Udeh berisik GK ada tuh gotongroyong buat beliin token listrik. #tapera #tolaktapera","1797534911219568999","","","in","lewatin lembah","0","0","1","https://x.com/pemaniseni/status/1797534911219568999","302761781","pemaniseni"
"1797526106708615352","Mon Jun 03 07:09:54 +0000 2024","0","Warganya dipaksa buat biayain negara sendiri. Cuyy gue beli token yg 20 jadi 23 isinya cuma 17rb . Ini yg jahat kita apa mereka sih. Nanti uangnya di kelola sama negara negara yg mana nih? #tapera #tolaktapera","1797526106708615352","","","in","lewatin lembah","0","0","1","https://x.com/pemaniseni/status/1797526106708615352","302761781","pemaniseni"
"1796800821788848631","Sat Jun 01 07:07:53 +0000 2024","1","#TolakTAPERA #TolakTAPERA ayo angkat hastag ini biar rezim mukidik gak semena2 palakin duit rakyat.","1796800821788848631","","","in","","0","0","0","https://x.com/JurdilNdasMu/status/1796800821788848631","1265730033328386048","JurdilNdasMu"
"1795233940275679549","Mon May 27 23:21:39 +0000 2024","1","ini mau bikin rakyat miskin sampe ke akar akarnya kah?? #TolakTapera","1795233940275679549","","","in","","0","0","0","https://x.com/rosesbysunpeach/status/1795233940275679549","1208710888317845506","rosesbysunpeach"
"1797538462935191905","Mon Jun 03 07:59:00 +0000 2024","0","Indonesia setau gue udah merdeka deh tgl 17 Agustus 1945. Kok skrng kek lagi dibantai pelan ya. Mending diserang sama tetangga lah ini di bantai orang sendiri. #tapera #tolaktapera","1797538462935191905","","","in","lewatin lembah","0","0","1","https://x.com/pemaniseni/status/1797538462935191905","302761781","pemaniseni"
"1797263882198913035","Sun Jun 02 13:47:55 +0000 2024","5","Gak ikut mensejahterakan swasta wirausahawan dan yg sekaum Tapi doyan sama duitnya.... Rezim tolol #TolakTapera #TolakTapera","1797263882198913035","","","in","Jember Tenggara, Jawa Timur","0","1","2","https://x.com/Joker_Ulosowo/status/1797263882198913035","923505462112280581","Joker_Ulosowo"
"1795691186688295322","Wed May 29 05:38:35 +0000 2024","0","Pak @jokowi kalo blm bisa mensejahterakan rakyat paling tidak jgn nyusahin atau menambah beban rakyat pake alasan Tapera. Gak ada manfaatnya jg kok buat rakyat. #TolakTapera","1795691186688295322","","","in","Jakarta Capital Region, Indone","0","0","0","https://x.com/KirimLuarNegeri/status/1795691186688295322","1380379020110360584","KirimLuarNegeri"
"1796315821612130740","Thu May 30 23:00:40 +0000 2024","0","Tidak. Tidak. Tidak setuju. Asal Tapera tidak wajib dan hanya wajib bagi mereka yg membutuhkan. Kalau semua dipukul rata berarti Pemerintah sama halnya PEMERASAN!! #TolakTapera","1796315821612130740","","","in","Palu-Surabaya, Gresik.","0","0","1","https://x.com/mirwanaryahamdy/status/1796315821612130740","326959009","mirwanaryahamdy"
"1795794297825980520","Wed May 29 12:28:19 +0000 2024","0","#TOLAKTAPERA #TOLAKTAPERA #TOLAKTAPERA","1795794297825980520","","","qht","Cybertron ","0","0","0","https://x.com/jwesxnx/status/1795794297825980520","3012252895","jwesxnx"
"1795693768500465904","Wed May 29 05:48:51 +0000 2024","0","Kalo blm punya rumah ikut Tapera msh masuk akal. Terlebih buat gen Z atau pasangan muda. Tapi kalo sdh punya rumah trus msh wajib dipotong Tapera juga lha duitnya buat apa pak @jokowi ? Serius ini pak rakyat bertanya. #TolakTapera","1795693768500465904","","","in","Jakarta Capital Region, Indone","0","0","0","https://x.com/KirimLuarNegeri/status/1795693768500465904","1380379020110360584","KirimLuarNegeri"
"1797419143064670551","Mon Jun 03 00:04:52 +0000 2024","4","Sisi Pemerintah sosialisasi Tapera Sisi netijen meruntuhkannya #TolakTapera","1797419143064670551","","","in","Jember Tenggara, Jawa Timur","0","0","2","https://x.com/Joker_Ulosowo/status/1797419143064670551","923505462112280581","Joker_Ulosowo"
"1800108784075071978","Mon Jun 10 11:33:34 +0000 2024","2","@VIVAcoid Susunan kabinet masih belum rampung ya bro.. Jilat terus sampe di panggil ke istana bro.. Semangat #TolakTapera Gimik doang biar dapet panggung lagi hahahaha....","1800129174197473760","","VIVAcoid","in","East Borneo, Indonesia","0","1","0","https://x.com/fathullahfathu2/status/1800129174197473760","3310566600","fathullahfathu2"
"1795692036848582678","Wed May 29 05:41:58 +0000 2024","0","Pak @jokowi apa sih manfaat Tapera buat mayoritas rakyat Indonesia? Jelaskan dong ke rakyat. Kalo perlu bikin dialog publik atau bikin survei banyak yg setuju atau gak dgn Tapera. #TolakTapera","1795692036848582678","","","in","Jakarta Capital Region, Indone","0","0","0","https://x.com/KirimLuarNegeri/status/1795692036848582678","1380379020110360584","KirimLuarNegeri"
"1796762571279835305","Sat Jun 01 04:35:53 +0000 2024","0","Abis jan Ethes lulus SD lalu tiba2.. MA putuskan syarat umur Kepala Dinas dan Kepala Daerah min 12 Tahun #AturJok #TolakRuuPenyiaran #TolakTapera","1796762571279835305","","","in","surabaya-banyuwangi","0","0","0","https://x.com/tesario/status/1796762571279835305","123498176","tesario"
"1798730941894111320","Thu Jun 06 15:09:50 +0000 2024","3","@PramWiguna @WIDYA_N_2311 @WongKEDU_ @__whiteenle @S4N_W1B1 @2TRafiS1 @aariejazz @AgusSho62811788 @ChainsawSimple @a_ghozi @theT4ntryS1 Oke Gass #TolakTapera * #GANTARI üáÆüá©","1798734047000309905","","PramWiguna","en","Nusantara - Indonesia","0","0","0","https://x.com/Ken_Ottis/status/1798734047000309905","1493467051423272962","Ken_Ottis"
"1799008147576848618","Fri Jun 07 09:19:00 +0000 2024","0","Fix ya artinya perjuangan rakyat masih berlanjut... #tolaktapera akan terus berjalan hingga dibatalkan.","1799008147576848618","","","in","","0","0","2","https://x.com/tsetiady/status/1799008147576848618","67281504","tsetiady"
"1795133591220822209","Mon May 27 16:42:54 +0000 2024","2","Nabung kok di paksa di tentuin lagi besaran nya. Belum tentu pada mau beli rumah juga. #tolaktapera","1795133591220822209","","","in","√úT: 0.0,0.0","0","0","0","https://x.com/KuAnggap/status/1795133591220822209","60843878","KuAnggap"
"1795690601100513668","Wed May 29 05:36:16 +0000 2024","0","Pak @jokowi @prabowo @gibran_tweet sbg orang swasta gw gak setuju ada pemotongan Tapera. #TolakTapera","1795690601100513668","","","in","Jakarta Capital Region, Indone","0","0","0","https://x.com/KirimLuarNegeri/status/1795690601100513668","1380379020110360584","KirimLuarNegeri"
"1800083271847715068","Mon Jun 10 09:49:52 +0000 2024","2","@rawayan212 Harus disuarakan terus soal Tapera ini benar2 horor klu sdh disahkan. #TolakTapera #TolakTapera","1800103077485441525","","rawayan212","in","cikeas,bogor","0","0","0","https://x.com/Jul3aRhma3/status/1800103077485441525","1129323932622905344","Jul3aRhma3"
"1795469362348146907","Tue May 28 14:57:08 +0000 2024","0","Demi Allah saya menyesal memilih Anda! @jokowi #TolakTapera","1795469362348146907","","","in","Palu-Surabaya, Gresik.","0","0","0","https://x.com/mirwanaryahamdy/status/1795469362348146907","326959009","mirwanaryahamdy"
